{
  "project_info": {
    "project_number": "313017763299",
    "firebase_url": "https://guard-28a03-default-rtdb.firebaseio.com",
    "project_id": "guard-28a03",
    "storage_bucket": "guard-28a03.appspot.com"
  },
  "client": [
    {
      "client_info": {
        "mobilesdk_app_id": "1:313017763299:android:8b167288a35084097f0cd6",
        "android_client_info": {
          "package_name": "com.GP.Guard"
        }
      },
      "oauth_client": [
        {
          "client_id": "313017763299-ajmrfigtna97n88vvtume8c66l646ii5.apps.googleusercontent.com",
          "client_type": 3
        }
      ],
      "api_key": [
        {
          "current_key": "AIzaSyBAoo_K_DkV8rYMSWDJAJ0_wnzpumRO65g"
        }
      ],
      "services": {
        "appinvite_service": {
          "other_platform_oauth_client": [
            {
              "client_id": "313017763299-ajmrfigtna97n88vvtume8c66l646ii5.apps.googleusercontent.com",
              "client_type": 3
            }
          ]
        }
      }
    }
  ],
  "configuration_version": "1"
}